paper,kind,number,source_line,web_url,latex_sha256
paper-2,tabularx,,411,/consciousness/research/paper-2/the-inherited-realization-and-finite-operational-setting#source-tabularx-1,69504df9ed98440946fccf5454d2d0deed46df722df1725570a4a2429ac4b594
paper-2,display-equation,2.1,426,/consciousness/research/paper-2/the-inherited-realization-and-finite-operational-setting#source-display-equation-1,a4fae8afe0ea61bf14be15b4b0569e385eb6a894c72db3733ea2bda50cb264a9
paper-2,display-equation,2.2,434,/consciousness/research/paper-2/the-inherited-realization-and-finite-operational-setting#source-display-equation-2,ebc40e7be9221e1a7e00519c8f1461355f61251ba4f7f6a1ddef03dd63cc9cdb
paper-2,display-equation,2.3,440,/consciousness/research/paper-2/the-inherited-realization-and-finite-operational-setting#source-display-equation-3,7e2843ddac534051c70b1a734fa58171940176f8cf63ea1772f182b1fce5c5c4
paper-2,tabularx,,449,/consciousness/research/paper-2/the-inherited-realization-and-finite-operational-setting#source-tabularx-2,930e41ea3ec58217ec8673a6f8d2b91f8660b70c2e0a94165037f326db5f0a8a
paper-2,definition,2.1,460,/consciousness/research/paper-2/the-inherited-realization-and-finite-operational-setting#source-definition-1,d09dd60a9a85492c4b6b72bfa06d99ce2f8a54b22785af04754978425d8687ee
paper-2,proposition,2.2,474,/consciousness/research/paper-2/the-inherited-realization-and-finite-operational-setting#source-proposition-1,5a1ecb8a7a40e97a66ac62ada38b3558f5e03f2fe5cde87bec7eedf8a9b560e4
paper-2,proof,,478,/consciousness/research/paper-2/the-inherited-realization-and-finite-operational-setting#source-proof-1,3303f0059c1557fd660d5435269e5b833a448555b0be8a6d620e7ac13f644014
paper-2,display-equation,3.1,488,/consciousness/research/paper-2/minimal-target-masking#source-display-equation-4,83fbc3dcb5e3b9f8db8ddbc91eaf0b4da71c7303734ab641778ecfaea2175c09
paper-2,display-equation,3.2,492,/consciousness/research/paper-2/minimal-target-masking#source-display-equation-5,9c1eb8a306d6e7cec76287ddaac94d97172702180e968ff91cc007268312d3a4
paper-2,display-equation,"3.3, 3.4",504,/consciousness/research/paper-2/minimal-target-masking#source-display-equation-6,34d2df8924b060d7fbe6db0e8ea7d1b1094160efbf5d4c7e000f907c7ff3a494
paper-2,display-equation,"3.5, 3.6, 3.7",509,/consciousness/research/paper-2/minimal-target-masking#source-display-equation-7,a934c44f395f7dc5d2bacbbcaec4d32fa20920dcda5af1c2b072f58d306904b5
paper-2,theorem,3.1,501,/consciousness/research/paper-2/minimal-target-masking#source-theorem-1,596441c9d5e89f3da1078262e8d1809ffa0ead4bc7ed9c5182a4b5bee59f1986
paper-2,proof,,516,/consciousness/research/paper-2/minimal-target-masking#source-proof-2,73709e7db40bc952d8c4ee0e87750a334e84248b8e5679d7e490ed997b36388b
paper-2,remark,3.2,523,/consciousness/research/paper-2/minimal-target-masking#source-remark-1,46615381a1bf142a92f8d425cc4f2120837cb0f3e8fcb0887d6b157c0c60e668
paper-2,proof,,527,/consciousness/research/paper-2/minimal-target-masking#source-proof-3,4f9d11958b9f43a65d56c84b44239d2b7455c0444e37ad0c7c4fd8a68942afe0
paper-2,display-equation,3.8,534,/consciousness/research/paper-2/minimal-target-masking#source-display-equation-8,c807fd5b470791a8cf8d54a34da868ea4ff044593a75cf2b75a3bed7f5dd8fc6
paper-2,corollary,3.3,532,/consciousness/research/paper-2/minimal-target-masking#source-corollary-1,3958dae4d34015c8b152f82514d98d9602b4614a01eabb15f22858a652f5f8ce
paper-2,proof,,540,/consciousness/research/paper-2/minimal-target-masking#source-proof-4,96b8fd9df41f90b29a5d332930c44e0de16e5397c83f3f16c34f08830c45c3c0
paper-2,display-equation,4.1,556,/consciousness/research/paper-2/robust-reconstruction-of-joint-experiments#source-display-equation-9,5adf0ea6968f41f0dc0495c584324403f50236470b99e5f574ac2954c0a36866
paper-2,definition,4.1,554,/consciousness/research/paper-2/robust-reconstruction-of-joint-experiments#source-definition-2,2ebac9d084cef857ee7ae74c6922856b51014fdbb2e6728500827e43b1e7df81
paper-2,display-equation,4.2,568,/consciousness/research/paper-2/robust-reconstruction-of-joint-experiments#source-display-equation-10,ea372fc9c78b280d9f8ff365684ebeb277d2da3dc28232b6ac9834572cb59071
paper-2,display-equation,4.3,574,/consciousness/research/paper-2/robust-reconstruction-of-joint-experiments#source-display-equation-11,211a46541726ec90da9428f40cc2b0c69c2e63d4f1d409ae1f7059260d9ea7a6
paper-2,display-equation,4.4,579,/consciousness/research/paper-2/robust-reconstruction-of-joint-experiments#source-display-equation-12,81efde50c6be56373ffdf315555ff5d070c2791628b9c7c58357d1208e86cc3e
paper-2,proposition,4.2,566,/consciousness/research/paper-2/robust-reconstruction-of-joint-experiments#source-proposition-2,37d2303c665b0f1446f46e0cab4d4487c7850db8d33a1c6c4909d25ae9eb2092
paper-2,proof,,585,/consciousness/research/paper-2/robust-reconstruction-of-joint-experiments#source-proof-5,eb1ac47df46c924efa0183203811d8915c3007f0854fe2fbb460aa413e797fa5
paper-2,display-equation,4.5,590,/consciousness/research/paper-2/robust-reconstruction-of-joint-experiments#source-display-equation-13,44daf23aa5355165873d1045df22d44d579c3383bdd3a85a03845d1141c65db6
paper-2,display-equation,4.6,598,/consciousness/research/paper-2/robust-reconstruction-of-joint-experiments#source-display-equation-14,5da2f7d4cad4424bd5324d4e34bea54e20414b7644513c97970fe37a8407aba0
paper-2,display-equation,4.7,602,/consciousness/research/paper-2/robust-reconstruction-of-joint-experiments#source-display-equation-15,2ed83f2fa85922fc5ef087eda7dc53fb4ebe1ebc141ffc0c0f8fadc755832337
paper-2,display-equation,4.8,606,/consciousness/research/paper-2/robust-reconstruction-of-joint-experiments#source-display-equation-16,0ef46392172136db8539ad936800ba666b8800f6a820dbff1dbf044127efb143
paper-2,proposition,4.3,596,/consciousness/research/paper-2/robust-reconstruction-of-joint-experiments#source-proposition-3,142c8051c7b5e8bc966973592737b453ae79dfa81084342aad8606e668021fff
paper-2,proof,,614,/consciousness/research/paper-2/robust-reconstruction-of-joint-experiments#source-proof-6,3a132b52a2647475dca477e96564c7d5163dd850865cc345947b2e82cafec7bd
paper-2,display-equation,"4.9, 4.10",624,/consciousness/research/paper-2/robust-reconstruction-of-joint-experiments#source-display-equation-17,c7a3470dec7cba905dcb08ce4dbd00a4ed014e69b9ba814385bfdc9c86c1ce53
paper-2,theorem,4.4,621,/consciousness/research/paper-2/robust-reconstruction-of-joint-experiments#source-theorem-2,7b70ce0fb2b6af6296f6bc32c81940e2183e4b1afb0fc53ba9bccd956b946a89
paper-2,display-equation,,632,/consciousness/research/paper-2/robust-reconstruction-of-joint-experiments#source-display-equation-18,c921f2d06c4fe30e6b7151fc61b045e22c48ad66dafca933d86c9cc033b95ec0
paper-2,proof,,630,/consciousness/research/paper-2/robust-reconstruction-of-joint-experiments#source-proof-7,2b1b4891dda2121060cc6dc9a449dc9115c0c5fe2acbcaff6432517bc22e1003
paper-2,figure,1,637,/consciousness/research/paper-2/robust-reconstruction-of-joint-experiments#source-figure-1,53dddcf71f93a6dcbf35693478c39e4fa082113b37b0914abe42d5ca02d83734
paper-2,display-equation,,678,/consciousness/research/paper-2/robust-reconstruction-of-joint-experiments#source-display-equation-19,ea6d36555e7dd2824857a6b77ccf6b2235997031dd494dd8499251c48d092c8f
paper-2,proposition,4.5,675,/consciousness/research/paper-2/robust-reconstruction-of-joint-experiments#source-proposition-4,d352d890423e66f30db8d9b04ea389477a8032179955727653010d33acb64654
paper-2,proof,,683,/consciousness/research/paper-2/robust-reconstruction-of-joint-experiments#source-proof-8,3c70abbd42bb4b303be96a6b1400fdcca7087a71456901f2577b5753533d5662
paper-2,display-equation,5.1,703,/consciousness/research/paper-2/native-execution-and-resource-relative-severability#source-display-equation-20,fa25b8cefa1527ceceae14938bcfc9a52e88572ee0758559bfbd36be266e2e6c
paper-2,display-equation,5.2,708,/consciousness/research/paper-2/native-execution-and-resource-relative-severability#source-display-equation-21,c14b14794c2607e05ce828395f6a614203df4460b978666fb46ec07a5f18c5d1
paper-2,display-equation,5.3,717,/consciousness/research/paper-2/native-execution-and-resource-relative-severability#source-display-equation-22,85dd0a194533f0741858cf8ffdb971a317e3254d08b400b563e6675fd26c9da7
paper-2,proposition,5.1,715,/consciousness/research/paper-2/native-execution-and-resource-relative-severability#source-proposition-5,6c6fcb29d443c4b7d1a00f3161292095898b60bdfcc02c5e0f87d4bea0ee15df
paper-2,proof,,724,/consciousness/research/paper-2/native-execution-and-resource-relative-severability#source-proof-9,8c749b4b998ee01fdf905d73020a5253497c068a4a1becba2e97fb003ae6b02b
paper-2,display-equation,5.4,733,/consciousness/research/paper-2/native-execution-and-resource-relative-severability#source-display-equation-23,27bd0a9bd6ec91803156db60abdc01543dc767d3ab59e9434798e7b264329d7c
paper-2,proposition,5.2,731,/consciousness/research/paper-2/native-execution-and-resource-relative-severability#source-proposition-6,a58fd75e7b8db3b8929925e052b7e8fd7396bc8a2767eaec1507c247bb09a498
paper-2,proof,,739,/consciousness/research/paper-2/native-execution-and-resource-relative-severability#source-proof-10,2b680becb9b46e65ebec2e01d2cea568ea58f48c59d9aeccb298c2737bcdf698
paper-2,display-equation,5.5,746,/consciousness/research/paper-2/native-execution-and-resource-relative-severability#source-display-equation-24,bf3297b12d97793b05d965964ed90026f70b8388a9531b7a6836fd1ebea50b62
paper-2,display-equation,5.6,751,/consciousness/research/paper-2/native-execution-and-resource-relative-severability#source-display-equation-25,2632eb892b4257babe5e1f64e48236f45ce2318c8673d394f822d0b245964ef6
paper-2,example,5.3,744,/consciousness/research/paper-2/native-execution-and-resource-relative-severability#source-example-1,f8d80a25600b60420185f5cb8bae0fc02361bc92c717af8821dd7376785228c5
paper-2,figure,2,759,/consciousness/research/paper-2/native-execution-and-resource-relative-severability#source-figure-2,043010399b3fa3d4ea73fac27740234d940846812fcc6b102d09b0997d75bd6c
paper-2,display-equation,5.7,780,/consciousness/research/paper-2/native-execution-and-resource-relative-severability#source-display-equation-26,6b44554e597d944e82bd01a49086b57d395cf7b92e9e5e5d961eebfba25f280f
paper-2,definition,5.4,778,/consciousness/research/paper-2/native-execution-and-resource-relative-severability#source-definition-3,d68e279d57218ae92f6757cd4b5ceaac08bcf839839d136535b45f8545956777
paper-2,proposition,5.5,794,/consciousness/research/paper-2/native-execution-and-resource-relative-severability#source-proposition-7,e804e68be855871966d3795962e338686f4229134f120ed206c8afb0c9d41545
paper-2,proof,,798,/consciousness/research/paper-2/native-execution-and-resource-relative-severability#source-proof-11,98dd792c04fda50e466b06b2767fd5b8ea4dcc1bcb69aa1ad88591c984e49af4
paper-2,display-equation,6.1,814,/consciousness/research/paper-2/relational-encapsulation-through-a-causal-interface#source-display-equation-27,d0f4f20668267bb932e1a431a07c7aeb7ee2bfef94bc954078e63c28efc5406e
paper-2,theorem,6.1,812,/consciousness/research/paper-2/relational-encapsulation-through-a-causal-interface#source-theorem-3,f2cbff4745a9f188322615a7693e922cca780b0ddca1f72de1c872473b9c4376
paper-2,proof,,821,/consciousness/research/paper-2/relational-encapsulation-through-a-causal-interface#source-proof-12,c865d8a8028dddb121d8e30d85cb8a6d89c1ae7d3708b7edd59b41f6d79c1705
paper-2,display-equation,6.2,836,/consciousness/research/paper-2/relational-encapsulation-through-a-causal-interface#source-display-equation-28,15b9f2dd41f1ce397d883c668790b79ce5bdc42c43bf042e44cd37fa41e528b0
paper-2,theorem,6.2,834,/consciousness/research/paper-2/relational-encapsulation-through-a-causal-interface#source-theorem-4,3b3c3847bd9b22a8ca80db2e39ca5473d7801f501577e03b975e33dddc750a17
paper-2,proof,,842,/consciousness/research/paper-2/relational-encapsulation-through-a-causal-interface#source-proof-13,5c2bcc49ccd28faba31091cd646986c4849b81df05fc6253f87763342953f6c6
paper-2,display-equation,6.3,848,/consciousness/research/paper-2/relational-encapsulation-through-a-causal-interface#source-display-equation-29,63e82fff3e85356e40c15e18cfe8d1d254eca800628cbd235182eb78785a0a7a
paper-2,corollary,6.3,846,/consciousness/research/paper-2/relational-encapsulation-through-a-causal-interface#source-corollary-2,abc8dd2b2d8375ec537f90f19b48ed4d5d78df6e925ac6d932bd38137cb2525c
paper-2,proof,,856,/consciousness/research/paper-2/relational-encapsulation-through-a-causal-interface#source-proof-14,5be3ede4c5e1fbd2c42d7548b97b3f1471e79f35e0eb99e819c01b21c508f3f6
paper-2,figure,3,860,/consciousness/research/paper-2/relational-encapsulation-through-a-causal-interface#source-figure-3,99d45802b81e79be81e0b462dec953360df7bb7f5c887fff64bfe2f9102d625f
paper-2,example,6.4,880,/consciousness/research/paper-2/relational-encapsulation-through-a-causal-interface#source-example-2,18494d2df951907b9f7673409a657080cd52e3aa4f8e3c709b828b5c6cc1970b
paper-2,proposition,6.5,890,/consciousness/research/paper-2/relational-encapsulation-through-a-causal-interface#source-proposition-8,9654491612691d4dd5ff51bc37f1879d582b56c68bcff863a30bbeb3e3902e65
paper-2,proof,,894,/consciousness/research/paper-2/relational-encapsulation-through-a-causal-interface#source-proof-15,87806f11b1ce45dc22fe43cec27210d060b2b9099d3eaaa2c290da4554c570dd
paper-2,proposition,6.6,898,/consciousness/research/paper-2/relational-encapsulation-through-a-causal-interface#source-proposition-9,fceadbdfb155067333e33e3747be41ad32e8ed51e1905d1134254384edc26507
paper-2,proof,,902,/consciousness/research/paper-2/relational-encapsulation-through-a-causal-interface#source-proof-16,a25c91373bdbac7408b52b4cca7f34c1ebb581a32e0c4a14494bb2da94fe2528
paper-2,display-equation,7.1,916,/consciousness/research/paper-2/approximation-and-preservation-of-comparison-meaning#source-display-equation-30,8b968ae9f0a6cdbc326f343645b616a999b0d53a8607eee260d729cee2a44424
paper-2,theorem,7.1,914,/consciousness/research/paper-2/approximation-and-preservation-of-comparison-meaning#source-theorem-5,a679d9ff025b61719b0bdf0697ef2b123b6f1ad1f4249aaaf7ea24d1680b4d47
paper-2,proof,,923,/consciousness/research/paper-2/approximation-and-preservation-of-comparison-meaning#source-proof-17,8014e1b8abd69184fe60d5f63a7c6748a968eeeb7b139db7b29e2acbdb611ee1
paper-2,proposition,7.2,929,/consciousness/research/paper-2/approximation-and-preservation-of-comparison-meaning#source-proposition-10,2486b661b74f88358cd1fa3a09137552e2cfac34d8a5b0beef771c83150c3970
paper-2,proof,,934,/consciousness/research/paper-2/approximation-and-preservation-of-comparison-meaning#source-proof-18,984590cf8e803688306ce138a79ded0069f572afa7bfafcd547ec517529b6a05
paper-2,display-equation,7.2,941,/consciousness/research/paper-2/approximation-and-preservation-of-comparison-meaning#source-display-equation-31,149882c78f6490e7bb4ab0bc575bccd88acd06c62443d594cd0f3c6cec2b9978
paper-2,display-equation,7.3,945,/consciousness/research/paper-2/approximation-and-preservation-of-comparison-meaning#source-display-equation-32,768137cd2f1071cd64b4f89841a9b814ab743769803ad482eb6c08ab0633b391
paper-2,corollary,7.3,939,/consciousness/research/paper-2/approximation-and-preservation-of-comparison-meaning#source-corollary-3,e880a0235e5fd541a280c48f88b52d4bedda09a228229188ec0627a6b7b5dac6
paper-2,proof,,954,/consciousness/research/paper-2/approximation-and-preservation-of-comparison-meaning#source-proof-19,65314ddf10663e5b465de8213e5c36eb7454c5b29968148e1a64b52c715113db
paper-2,display-equation,7.4,962,/consciousness/research/paper-2/approximation-and-preservation-of-comparison-meaning#source-display-equation-33,b7550db34997785dcb33336593623ba9e8d72057b46018f1ce0d85e5fa4d9cb3
paper-2,display-equation,,974,/consciousness/research/paper-2/approximation-and-preservation-of-comparison-meaning#source-display-equation-34,deafceb2e4dcaa2ed454b7316240b67d6d6c990447ea0fade8b0eee8c8c66ebb
paper-2,display-equation,7.5,978,/consciousness/research/paper-2/approximation-and-preservation-of-comparison-meaning#source-display-equation-35,ab411ea512e96cb3908eab02b8d1c88e6a0a916558172d64439168803809e426
paper-2,display-equation,7.6,983,/consciousness/research/paper-2/approximation-and-preservation-of-comparison-meaning#source-display-equation-36,7348973ac31366c851cc22a5f4d605219ed0d752d021c74e1ee8cc57839855be
paper-2,theorem,7.4,971,/consciousness/research/paper-2/approximation-and-preservation-of-comparison-meaning#source-theorem-6,c0896816ddaf0271a1418412af4c9fcd589ec59b1f719e06598c1ea5108a0e9e
paper-2,display-equation,,993,/consciousness/research/paper-2/approximation-and-preservation-of-comparison-meaning#source-display-equation-37,3144906b7d58cd7465a2bd5ccf3cc19677ff4c431ac85032e97eb147dfc48de6
paper-2,proof,,991,/consciousness/research/paper-2/approximation-and-preservation-of-comparison-meaning#source-proof-20,885cebb0e615b80d4533ecb33dd83e252d0c66d4a8ea83acf84eaeef5f0d75d9
paper-2,display-equation,8.1,1013,/consciousness/research/paper-2/operational-identification-and-its-ceiling#source-display-equation-38,7482a6121a67e4b7eeca0cfdc738f312a54354fef843571e70a330f1fa502266
paper-2,display-equation,8.2,1022,/consciousness/research/paper-2/operational-identification-and-its-ceiling#source-display-equation-39,7723ec1b5966f5717982e1d8b6b1105f87de0f473b52b79e37fc5e17c274b79a
paper-2,display-equation,8.3,1026,/consciousness/research/paper-2/operational-identification-and-its-ceiling#source-display-equation-40,7100c4796b2262c15f1eb55b60f37ca3af6a25d4750a44b4533f33da62e1f7d4
paper-2,theorem,8.1,1020,/consciousness/research/paper-2/operational-identification-and-its-ceiling#source-theorem-7,a894612b0d8eb464bd79a9b7e74fedeee8a15351201334c502a444c962df606c
paper-2,proof,,1032,/consciousness/research/paper-2/operational-identification-and-its-ceiling#source-proof-21,20ce11b1fc99abf42d8997d3a8a23ef57084e1a746a28a43af210304371f5756
paper-2,display-equation,8.4,1045,/consciousness/research/paper-2/operational-identification-and-its-ceiling#source-display-equation-41,4320048f60fdc7789c9cc3af16aa19e1c768d7cf271e04fd8a6948a35e465e85
paper-2,display-equation,8.5,1049,/consciousness/research/paper-2/operational-identification-and-its-ceiling#source-display-equation-42,e1582221c6490bcc92856ba9b3e2a361c07f0a838c31f42f346b2b84e1a9bd06
paper-2,theorem,8.2,1041,/consciousness/research/paper-2/operational-identification-and-its-ceiling#source-theorem-8,35539fb9beaabc7fd38ee02b4f8b0dc6b6a8993905571b31bca31b90dd4ea2ed
paper-2,proof,,1055,/consciousness/research/paper-2/operational-identification-and-its-ceiling#source-proof-22,314a9485ebdc22f39db3670a5080cad07dd4964a487118cbd9528c835c0b5e4d
paper-2,proposition,8.3,1064,/consciousness/research/paper-2/operational-identification-and-its-ceiling#source-proposition-11,4c21772fa38629f499fd6f511ff9915e3a667d5839e939e9fb3f0ae0f2c61ace
paper-2,display-equation,8.6,1069,/consciousness/research/paper-2/operational-identification-and-its-ceiling#source-display-equation-43,a51bc27ea2618cfcb0bd2aaeb43178b3d026dadbcc5e7e6a93baf06aa83898b4
paper-2,proof,,1068,/consciousness/research/paper-2/operational-identification-and-its-ceiling#source-proof-23,2af1dc90af94a5b5f286d73626461f9e8d82da2750cf4ebb2042308fcc69f6fd
paper-2,proposition,9.1,1087,/consciousness/research/paper-2/what-a-phenomenal-bridge-adds#source-proposition-12,6fe00e5a8c2853019e295eda7eb88939f88484eb90eede06881f5110dc6f9ce4
paper-2,proof,,1091,/consciousness/research/paper-2/what-a-phenomenal-bridge-adds#source-proof-24,b33f4caa0347cf33ae7777b2929a49c646c7d02b335dc60d978b1e2b1f03f6da
paper-2,display-equation,9.1,1100,/consciousness/research/paper-2/what-a-phenomenal-bridge-adds#source-display-equation-44,b88483ee06befbdcb80d05bdbd0e5cabddbbb8df184dda488bb944fd726390d9
paper-2,figure,4,1113,/consciousness/research/paper-2/what-a-phenomenal-bridge-adds#source-figure-4,14b8c44840563f6050266f87a1f93d7bdf0dcb192ea6c5453f70ac298d644ae3
paper-2,display-equation,10.1,1163,/consciousness/research/paper-2/consequences-for-the-spc-2-boundary#source-display-equation-45,37328ca2caf977d9bae33508b62e20fb66af07c64e8d4db1d3d3c8efdf3e66e4
paper-2,display-equation,10.2,1170,/consciousness/research/paper-2/consequences-for-the-spc-2-boundary#source-display-equation-46,c2bd36008f2502f5713b2d008bc31685db7b53974d18112373e1547da782a437
paper-2,proposition,10.1,1158,/consciousness/research/paper-2/consequences-for-the-spc-2-boundary#source-proposition-13,af4fb38b824eee3943773ba3f3754fd381006953e3ad176b1a7e4219d2a35c67
paper-2,proof,,1178,/consciousness/research/paper-2/consequences-for-the-spc-2-boundary#source-proof-25,1645b5db1dd638cea36eb610fa61f536d35efc216e1f0edd578d408d618bd6f9
paper-2,remark,10.2,1183,/consciousness/research/paper-2/consequences-for-the-spc-2-boundary#source-remark-2,c37ca8131e0436051269a9b2577e07884c69e190624b27e11db620ce5bfb51d6
paper-2,display-equation,A.1,1236,/consciousness/research/paper-2/appendix-a-exact-masking-and-boundary-calculations#source-display-equation-47,88e14c70b2728e975ecc291a87beea620478da187f6c60ff7d0b0d29df0d2c98
paper-2,display-equation,"A.2, A.3",1247,/consciousness/research/paper-2/appendix-a-exact-masking-and-boundary-calculations#source-display-equation-48,3e376f5b5c60172f2ac66935d9b12126dcad8b0208099e97e6cef4344e5a3138
paper-2,display-equation,A.4,1251,/consciousness/research/paper-2/appendix-a-exact-masking-and-boundary-calculations#source-display-equation-49,116e544603c942c977ce5ae7cf6831ff059a8096d0a4e1bf9f9d943bb8105900
paper-2,display-equation,"A.5, A.6",1261,/consciousness/research/paper-2/appendix-a-exact-masking-and-boundary-calculations#source-display-equation-50,fcff7a9e4ea46251f32c14dffb1a7624d64779156ac757cd39e10c318031f806
paper-2,display-equation,A.7,1265,/consciousness/research/paper-2/appendix-a-exact-masking-and-boundary-calculations#source-display-equation-51,b8c7bb4fc22709cc63c9ce7d911b86834ef4cb838b024545f7d69b13e396319a
paper-2,display-equation,,1276,/consciousness/research/paper-2/appendix-a-exact-masking-and-boundary-calculations#source-display-equation-52,9e014b5426dd8231888a4f6af72de84f251271711a4d39f21c9e6519f3af09c3
paper-2,display-equation,,1280,/consciousness/research/paper-2/appendix-a-exact-masking-and-boundary-calculations#source-display-equation-53,ab1695b4511c5f2d205069c6d45ab3348bbe651a04c29407b6a808345174b1b8
paper-2,proposition,A.1,1285,/consciousness/research/paper-2/appendix-a-exact-masking-and-boundary-calculations#source-proposition-14,c2a551221ea666a3332fcefabdb78965f9089cca4194ae85ae163d2224379a17
paper-2,proof,,1291,/consciousness/research/paper-2/appendix-a-exact-masking-and-boundary-calculations#source-proof-26,d4c1b9c33616435eddd1d86f5a573d3e28bffe3df12d8285d0a60ed39ee583dc
paper-2,display-equation,,1303,/consciousness/research/paper-2/appendix-a-exact-masking-and-boundary-calculations#source-display-equation-54,00494587d0e5a34aa627a78e88da87d36e9088bffa753cf7c4a12b51566edac7
paper-2,display-equation,,1317,/consciousness/research/paper-2/appendix-b-statistical-comparison-and-finite-resource-optima#source-display-equation-55,5592b2f38b4530294be1f73b1b2c7b61ea2a8fdf29dd4b4dfcf140a44e48d05f
paper-2,display-equation,,1335,/consciousness/research/paper-2/appendix-b-statistical-comparison-and-finite-resource-optima#source-display-equation-56,27a027f3da42c45cd498eb15cbca27b6430ca64541fb4d2e97606086653f615b
paper-2,display-equation,,1339,/consciousness/research/paper-2/appendix-b-statistical-comparison-and-finite-resource-optima#source-display-equation-57,43537d449f93c0d7f08c73d2fb3b4e9690f96d31c52263aa78576a7f9f4d8c56
paper-2,display-equation,,1358,/consciousness/research/paper-2/appendix-c-strong-quotient-and-composition-proofs#source-display-equation-58,b76397bb56011ef2ed16c94fe956aeeab97e11953e5dece9fa178a92c6d156af
paper-2,display-equation,,1373,/consciousness/research/paper-2/appendix-c-strong-quotient-and-composition-proofs#source-display-equation-59,76007c19d7b9285ef0f920aa0ea20c21fbc97ce830f5f4ba666089ac9edc90bd
paper-2,display-equation,,1380,/consciousness/research/paper-2/appendix-c-strong-quotient-and-composition-proofs#source-display-equation-60,fb4cdf75a4a05440be401aede89a77c9a36e5b7199d85e97f0286d35c2b32a34
paper-2,display-equation,,1392,/consciousness/research/paper-2/appendix-c-strong-quotient-and-composition-proofs#source-display-equation-61,1ae5a000a5738281e52c39c554c54a6fcaa4a722f8f78546845b5ec50264193d
paper-2,proposition,C.1,1399,/consciousness/research/paper-2/appendix-c-strong-quotient-and-composition-proofs#source-proposition-15,77fd5d570bbf565e0c8d790518cf96905e5a00d36db2ace5dd13b4a8ab9a6cd4
paper-2,proof,,1403,/consciousness/research/paper-2/appendix-c-strong-quotient-and-composition-proofs#source-proof-27,afc79a748b3af4e149c6e44c27dd8bff7e08b2c99d36453b58f4fdda9e534c89
paper-2,display-equation,,1415,/consciousness/research/paper-2/appendix-d-resource-overlap-and-approximation-details#source-display-equation-62,345b8654e429a78351466422420a3fa94682d1c57ca4d0882a4ce88bdaed01c0
paper-2,display-equation,D.1,1431,/consciousness/research/paper-2/appendix-d-resource-overlap-and-approximation-details#source-display-equation-63,600d487d44d3d50c59ef8c595fb7f1f4f89372e796826e93e622d5f6e9651e63
paper-2,proposition,D.1,1429,/consciousness/research/paper-2/appendix-d-resource-overlap-and-approximation-details#source-proposition-16,da4894b3ac76c56377cdd643b997651857464e6aa4e4509d24afb674c2669efb
paper-2,proof,,1437,/consciousness/research/paper-2/appendix-d-resource-overlap-and-approximation-details#source-proof-28,f41d095b3ec48f708aa530128c1814939eeeb3966a91608c6b8c9f7a0d088df5
paper-2,display-equation,D.2,1444,/consciousness/research/paper-2/appendix-d-resource-overlap-and-approximation-details#source-display-equation-64,2151be1db16077e8b3543f16031cb50955e32870eec286b8c2b1dbc43c8cca60
paper-2,proposition,D.2,1442,/consciousness/research/paper-2/appendix-d-resource-overlap-and-approximation-details#source-proposition-17,2227be8011d030cbcb49f8e1c8336722ed451447fba63b47dcdaea8c103b6a73
paper-2,proof,,1451,/consciousness/research/paper-2/appendix-d-resource-overlap-and-approximation-details#source-proof-29,f38cccacbf8cd0aaa0204004c661c55fc203d0bf6b4e92368bef430b227b8638
paper-2,display-equation,,1471,/consciousness/research/paper-2/appendix-e-auxiliary-relational-state-and-realization-results#source-display-equation-65,a37c9045d713af6226c95de6fa0d2913da3a848d83fca1d4b88c60e9d07a755a
paper-2,display-equation,E.1,1474,/consciousness/research/paper-2/appendix-e-auxiliary-relational-state-and-realization-results#source-display-equation-66,d557f7acded78cdde1fd23fcf4b8a97f05a01a8a2b458d12b93e023d971f5053
paper-2,proposition,E.1,1468,/consciousness/research/paper-2/appendix-e-auxiliary-relational-state-and-realization-results#source-proposition-18,e69255f70dfe061120bc852f5d393aac777cdc4d6c05e7cd534e4148d312462f
paper-2,proof,,1481,/consciousness/research/paper-2/appendix-e-auxiliary-relational-state-and-realization-results#source-proof-30,c2fab70fff286c3b7435b8e73976ecd6b04a1581fd0270469494537c0774611c
paper-2,display-equation,E.2,1488,/consciousness/research/paper-2/appendix-e-auxiliary-relational-state-and-realization-results#source-display-equation-67,8aaadcae293817b1bf0c5cec4481eca695b01dd9e18d6f0d3b73d35684a62120
paper-2,proposition,E.2,1486,/consciousness/research/paper-2/appendix-e-auxiliary-relational-state-and-realization-results#source-proposition-19,7796edfee32dd8108d2b66b8c54103525800433fc40397a5cf7009c57f263b28
paper-2,proof,,1495,/consciousness/research/paper-2/appendix-e-auxiliary-relational-state-and-realization-results#source-proof-31,514e3c501f01afa014f8fc7f31730e26897c4cf7030d7921810a7339fc726947
paper-2,display-equation,,1503,/consciousness/research/paper-2/appendix-e-auxiliary-relational-state-and-realization-results#source-display-equation-68,2ffdfacff9f42c1d898b9fe0ced57bda808b66f0a82cea7542384c4efcac4d17
paper-2,proposition,E.3,1500,/consciousness/research/paper-2/appendix-e-auxiliary-relational-state-and-realization-results#source-proposition-20,269d6bfcf7b15bee08eca668622a9ab143d46752cd40577298b840af0bc72742
paper-2,proof,,1508,/consciousness/research/paper-2/appendix-e-auxiliary-relational-state-and-realization-results#source-proof-32,4a3b2c8bc3b4c6bc5bdc8dab40f7ceea6f411760becb1307e03bbdaa0d795cf8
paper-2,display-equation,E.3,1516,/consciousness/research/paper-2/appendix-e-auxiliary-relational-state-and-realization-results#source-display-equation-69,e46fd836d39ef8bea48b1043de31ef158a90e3cd553cb82cca982881becea31b
paper-2,display-equation,E.4,1522,/consciousness/research/paper-2/appendix-e-auxiliary-relational-state-and-realization-results#source-display-equation-70,bf4cc9913335476638a4258a167881843f64b12b8f8a63f59fb16d06b984581b
paper-2,proposition,E.4,1514,/consciousness/research/paper-2/appendix-e-auxiliary-relational-state-and-realization-results#source-proposition-21,2fa7e717dd57d1e018a1d9b8c7441b0fc85d0823d6a0196578c04b3daba790f2
paper-2,proof,,1528,/consciousness/research/paper-2/appendix-e-auxiliary-relational-state-and-realization-results#source-proof-33,f3829617491fd4465cc3581141cbff2b3fdb6f2927cb8926b7b617d944ea1f55
paper-2,reference,1,195,/consciousness/research/paper-2/references#bib-AlbantakisEtAl2023,
paper-2,reference,2,134,/consciousness/research/paper-2/references#bib-AlmeidaEtAl2010,
paper-2,reference,3,41,/consciousness/research/paper-2/references#bib-BaezCourser2018,
paper-2,reference,4,79,/consciousness/research/paper-2/references#bib-BarnettCrutchfield2014,
paper-2,reference,5,120,/consciousness/research/paper-2/references#bib-BertschingerEtAl2014,
paper-2,reference,6,8,/consciousness/research/paper-2/references#bib-Blackwell1953,
paper-2,reference,7,147,/consciousness/research/paper-2/references#bib-Chalmers1995,
paper-2,reference,8,54,/consciousness/research/paper-2/references#bib-DorschEtAl2017,
paper-2,reference,9,254,/consciousness/research/paper-2/references#bib-DoyenEtAl2008,
paper-2,reference,10,271,/consciousness/research/paper-2/references#bib-Ganesh2021,
paper-2,reference,11,107,/consciousness/research/paper-2/references#bib-GeblerTini2013,
paper-2,reference,12,261,/consciousness/research/paper-2/references#bib-Kleiner2020,
paper-2,reference,13,266,/consciousness/research/paper-2/references#bib-KleinerHoel2021,
paper-2,reference,14,182,/consciousness/research/paper-2/references#bib-KleinerLudwig2023,
paper-2,reference,15,247,/consciousness/research/paper-2/references#bib-LarsenSkou1991,
paper-2,reference,16,20,/consciousness/research/paper-2/references#bib-LeCam1964,
paper-2,reference,17,158,/consciousness/research/paper-2/references#bib-Levine1983,
paper-2,reference,18,170,/consciousness/research/paper-2/references#bib-Lewis1972,
paper-2,reference,19,93,/consciousness/research/paper-2/references#bib-PortmannEtAl2017,
paper-2,reference,20,229,/consciousness/research/paper-2/references#bib-RodgersIntervention2026,
paper-2,reference,21,220,/consciousness/research/paper-2/references#bib-RodgersLearning2026,
paper-2,reference,22,239,/consciousness/research/paper-2/references#bib-RodgersSealed2026,
paper-2,reference,23,208,/consciousness/research/paper-2/references#bib-RodgersSPC2,
paper-2,reference,24,31,/consciousness/research/paper-2/references#bib-vanRooyenWilliamson2014,
paper-2,reference,25,69,/consciousness/research/paper-2/references#bib-RubensteinEtAl2017,
paper-3,figure,1,234,/consciousness/research/paper-3/question-and-contributions#source-figure-1,772a8252d8554b193861139d3e0548fece397dd25b2f1022012947d52b19af7b
paper-3,display-equation,1,264,/consciousness/research/paper-3/operational-contract-and-measures#source-display-equation-1,1c5bc11f8e81dc021024ced2c4a3c5cc1601cfee2c0977e0601b2f481b49eaf3
paper-3,display-equation,2,271,/consciousness/research/paper-3/operational-contract-and-measures#source-display-equation-2,f38f063c8818b8f56f381bc633b68f79730f2b43d204e7da41cf9155695c3127
paper-3,display-equation,3,282,/consciousness/research/paper-3/operational-contract-and-measures#source-display-equation-3,04e678d646ce3549582964059ab057ebb121518e4cbbaec06ffea42d57f02ab1
paper-3,display-equation,4,288,/consciousness/research/paper-3/operational-contract-and-measures#source-display-equation-4,05e87d7fc35d0057c58198bd31884d1f11b17e63e4b5b7a186572182e359a215
paper-3,display-equation,5,294,/consciousness/research/paper-3/operational-contract-and-measures#source-display-equation-5,6d9da0bdbe547a5a04f6742efc560c8a109bf3ce774e6bd5069d3d977fc32505
paper-3,display-equation,"6, 7",308,/consciousness/research/paper-3/operational-contract-and-measures#source-display-equation-6,7ab686316c70daa216cfddcbf9549ae1ac6f585296c58cd6c28ab2079a4ee19b
paper-3,tabularx,,319,/consciousness/research/paper-3/operational-contract-and-measures#source-tabularx-1,f8452759d660b26d8dd89913f9aff4a573aabc06b0ac1e03f5f429b65ab0f0e1
paper-3,tabular,,346,/consciousness/research/paper-3/study-design-and-preserved-evidence#source-tabular-1,c7eae61c73dbbc76ddd64286bffe5bb54641cfd8ca26d53d48d614799596c87a
paper-3,tabular,,390,/consciousness/research/paper-3/study-design-and-preserved-evidence#source-tabular-2,e379ace630dbb063574908ac91a3eb0cce97836581b1c2ff856fcf1173fc5959
paper-3,display-equation,8,433,/consciousness/research/paper-3/final-matched-state-learning-comparison#source-display-equation-7,bcd3cb8d3bb1c6d86e6e842497362e2ea62ab1054afea1ebc79227c2e0400794
paper-3,tabular,,455,/consciousness/research/paper-3/final-matched-state-learning-comparison#source-tabular-3,e7dfc90431a02a34ea24b32dd7ae918a85d5de30be7f082a72c42dc4c13edf80
paper-3,figure,2,476,/consciousness/research/paper-3/final-matched-state-learning-comparison#source-figure-2,d388f868291c62724433e62ae00d5a0ab80babb9ee649b4a077bbd857f1219d0
paper-3,tabular,,517,/consciousness/research/paper-3/final-matched-state-learning-comparison#source-tabular-4,57386c26b0df34b2925c422b6b7db6f90befa8948f5df89f69dbf196030c0ff8
paper-3,figure,3,539,/consciousness/research/paper-3/final-matched-state-learning-comparison#source-figure-3,79a9c1000320a0059bad50c6717a0a31d7603fc349d57a4de024018679a34589
paper-3,tabular,,566,/consciousness/research/paper-3/final-matched-state-learning-comparison#source-tabular-5,765c662f332682ff018118bf0e3b27b3d05fbdf001f7f6810596b3d5819218db
paper-3,display-equation,9,596,/consciousness/research/paper-3/capacity-produced-candidates-and-selection#source-display-equation-8,59307ddab3bfbd8e6cecc9357608e64cad82050e435330bd4027f7f766f6ff40
paper-3,tabular,,610,/consciousness/research/paper-3/capacity-produced-candidates-and-selection#source-tabular-6,ffcdef6ca94d67e8171ac6ad6aff06999947379110117a8ccaa173564a5d9ce8
paper-3,tabular,,639,/consciousness/research/paper-3/capacity-produced-candidates-and-selection#source-tabular-7,07a921021a6fa9fa3a86264911c37e550bcf5c57033bb73f85c4f252b7272124
paper-3,figure,4,661,/consciousness/research/paper-3/capacity-produced-candidates-and-selection#source-figure-4,f40a6e2a136b036791f695004cb377cc6a79696410ec6283f32090de6c2c8930
paper-3,tabularx,,684,/consciousness/research/paper-3/capacity-produced-candidates-and-selection#source-tabularx-2,5444cb050d3e47d7543e61edfc3685376d52c8c28065c0fe0928e9e868edd6e3
paper-3,tabular,,718,/consciousness/research/paper-3/post-hoc-optimization-budget-sensitivity#source-tabular-8,0335e14de0bc20658a471aaa5493d2662947f9022420528959338fd5edaacbf3
paper-3,tabular,,740,/consciousness/research/paper-3/post-hoc-optimization-budget-sensitivity#source-tabular-9,9a4ea3893260f1e05bc27f64dff6733554e130cfbeec108c3099ca2bf87589d4
paper-3,tabular,,779,/consciousness/research/paper-3/post-hoc-optimization-budget-sensitivity#source-tabular-10,1f44fc3e3a4c5e9691729e5c7ec9bcc373e918e8ac476f8351a1fd0fff3d8bc5
paper-3,display-equation,10,829,/consciousness/research/paper-3/why-the-earlier-repair-stages-did-not-close-discovery#source-display-equation-9,ed2eb32ed7234008f510f75a663885f09c1b396b2cbb6825567ccf188d63e127
paper-3,tabular,,844,/consciousness/research/paper-3/why-the-earlier-repair-stages-did-not-close-discovery#source-tabular-11,7c11c11fcf4893e7aeeb779412567d47fcee8b21be1f40e4918a70f04d0524f4
paper-3,display-equation,11,879,/consciousness/research/paper-3/adversarial-contexts-composition-and-uncertainty#source-display-equation-10,d75de15d36cbeedcb608f52b36742e43ae08df03191417eb4656cd47e286814b
paper-3,tabular,,899,/consciousness/research/paper-3/adversarial-contexts-composition-and-uncertainty#source-tabular-12,12d581502225551d4bc73009608964420f2da076b8ab1c4431d4a1ed736d3c5c
paper-3,display-equation,12,994,/consciousness/research/paper-3/appendix-a-implementation-details-and-the-exact-role-of-each-learner#source-display-equation-11,6d111b2d53f799f68c91c2df705684c39343e9646c0a353e429a94c93b62cbeb
paper-3,display-equation,13,1005,/consciousness/research/paper-3/appendix-a-implementation-details-and-the-exact-role-of-each-learner#source-display-equation-12,d5ac787120f173163f283ebb058f375bd8fd9943a60d06a0071d65a38d7f2e52
paper-3,display-equation,14,1013,/consciousness/research/paper-3/appendix-a-implementation-details-and-the-exact-role-of-each-learner#source-display-equation-13,ed65fd04248e89af5d61e9dffa8b01418da293b40f6a1fa5bd46cc357ae87ca5
paper-3,display-equation,15,1021,/consciousness/research/paper-3/appendix-a-implementation-details-and-the-exact-role-of-each-learner#source-display-equation-14,8d3be25be84ee777d25c48567645b43cc934fd60ec5fa1a7568e4caee13723bc
paper-3,display-equation,16,1030,/consciousness/research/paper-3/appendix-a-implementation-details-and-the-exact-role-of-each-learner#source-display-equation-15,08155a0d87a05d9d2d305bd1e98e15fcba19c5df3becde0cab2030346e8f24df
paper-3,display-equation,17,1033,/consciousness/research/paper-3/appendix-a-implementation-details-and-the-exact-role-of-each-learner#source-display-equation-16,bcc1d6ae3b6c0e5abfa0a0b7fa8380fd3590404235551a08735735322b34e0d3
paper-3,display-equation,18,1044,/consciousness/research/paper-3/appendix-a-implementation-details-and-the-exact-role-of-each-learner#source-display-equation-17,701185162e8fb96f3852713f4347e293593a81b8279d2a99f9335bcd27f0311b
paper-3,display-equation,19,1050,/consciousness/research/paper-3/appendix-a-implementation-details-and-the-exact-role-of-each-learner#source-display-equation-18,b6b1456a0e0a856c458426b576b605be9441c431c74bb6704c6a542b13f3fb74
paper-3,tabular,,1063,/consciousness/research/paper-3/appendix-a-implementation-details-and-the-exact-role-of-each-learner#source-tabular-13,28151bbb4f984cf18f5ef7bc7c3486836a4039d7c7fbf0c458c57ab5ffb1f39a
paper-3,display-equation,20,1084,/consciousness/research/paper-3/appendix-a-implementation-details-and-the-exact-role-of-each-learner#source-display-equation-19,5a35dc2ef3204832ecbb8bc12ede1070c0a57397d2d620f89bb7d916db01a03f
paper-3,tabular,,1110,/consciousness/research/paper-3/appendix-b-stage-specific-numerical-results#source-tabular-14,44a5a08f2606501a960c4aaef87d49df348db85635e0ed017f5dfc837c5ed8e8
paper-3,tabular,,1133,/consciousness/research/paper-3/appendix-b-stage-specific-numerical-results#source-tabular-15,b44481b28a806b026e923e2385904468cddac8298a13742af8b915ec31cc3ff1
paper-3,longtable,18,1160,/consciousness/research/paper-3/appendix-b-stage-specific-numerical-results#source-longtable-1,29e7c63658e6d952065f2041c07f4193c070d00db9bbba1a1b5156409743516d
paper-3,longtable,19,1214,/consciousness/research/paper-3/appendix-b-stage-specific-numerical-results#source-longtable-2,e7dcc046d243fc6b8aa678b2a3c783190d23af7bbb789da9279f4129b0f3aea3
paper-3,tabular,,1261,/consciousness/research/paper-3/appendix-b-stage-specific-numerical-results#source-tabular-16,027021e27f16e065e0f625cfbad806a58a3cf0b5b18fa4691b2e1b8a5415b1e2
paper-3,display-equation,21,1293,/consciousness/research/paper-3/appendix-c-analytical-controls-on-interpretation#source-display-equation-20,d5c10379eace15efb6f9879cb944508842c078e3e91cd28076e60aaff3f5e50e
paper-3,display-equation,22,1302,/consciousness/research/paper-3/appendix-c-analytical-controls-on-interpretation#source-display-equation-21,c8f00e6b135f141b4c95245b3b981baeb449a722b54469269fc3dd5d7acae9a9
paper-3,display-equation,23,1309,/consciousness/research/paper-3/appendix-c-analytical-controls-on-interpretation#source-display-equation-22,fd0d1e3c57732a715a80b122efa6c235e9588f59c75269fa715f1c376a054906
paper-3,tabular,,1335,/consciousness/research/paper-3/appendix-d-complexity-and-recorded-computation#source-tabular-17,7851da974c6b5c4f9ddefc0407c1ab3f384c3a1b0e8da53af5681aedab64b7bc
paper-3,tabular,,1366,/consciousness/research/paper-3/appendix-d-complexity-and-recorded-computation#source-tabular-18,5f49b88fca3fa7b52f05173a6f0834114c4c027ebb35ec35f923d5d46cef1532
paper-3,longtable,23,1397,/consciousness/research/paper-3/appendix-e-chronology-artifact-provenance-and-reproduction#source-longtable-3,b9bd7d96c547ea65462e4ad3fbd1c2904a24ee1f375b070095c35b038843b70b
paper-3,tabular,,1467,/consciousness/research/paper-3/appendix-f-retrospective-fitting-protocol-and-diagnostics#source-tabular-19,6f98d2075bfd051093931e991b48f3159643c898c18b7af233855356febf16bb
paper-3,tabular,,1497,/consciousness/research/paper-3/appendix-f-retrospective-fitting-protocol-and-diagnostics#source-tabular-20,c1121db95d6f2bbc812c4d127b8a4077f0ee9cf3576fce5230aac20bd83f39db
paper-3,reference,1,64,/consciousness/research/paper-3/references#bib-Baez2018,
paper-3,reference,2,36,/consciousness/research/paper-3/references#bib-Barnett2015,
paper-3,reference,3,25,/consciousness/research/paper-3/references#bib-Baum1970,
paper-3,reference,4,42,/consciousness/research/paper-3/references#bib-Bengio1995,
paper-3,reference,5,122,/consciousness/research/paper-3/references#bib-Boots2009PSR,
paper-3,reference,6,48,/consciousness/research/paper-3/references#bib-Cawley2010,
paper-3,reference,7,78,/consciousness/research/paper-3/references#bib-AALpySource,
paper-3,reference,8,54,/consciousness/research/paper-3/references#bib-Dwork2015,
paper-3,reference,9,69,/consciousness/research/paper-3/references#bib-Gebler2013,
paper-3,reference,10,30,/consciousness/research/paper-3/references#bib-Hsu2012,
paper-3,reference,11,110,/consciousness/research/paper-3/references#bib-Littman2001PSR,
paper-3,reference,12,4,/consciousness/research/paper-3/references#bib-Mao2012MDP,
paper-3,reference,13,10,/consciousness/research/paper-3/references#bib-MaoJaeger2012,
paper-3,reference,14,97,/consciousness/research/paper-3/references#bib-RodgersPaper4,
paper-3,reference,15,105,/consciousness/research/paper-3/references#bib-RodgersEvidence,
paper-3,reference,16,83,/consciousness/research/paper-3/references#bib-RodgersPaper2,
paper-3,reference,17,89,/consciousness/research/paper-3/references#bib-RodgersSPC2,
paper-3,reference,18,74,/consciousness/research/paper-3/references#bib-vanRooyen2014,
paper-3,reference,19,59,/consciousness/research/paper-3/references#bib-Rubenstein2017,
paper-3,reference,20,20,/consciousness/research/paper-3/references#bib-Shijubo2023,
paper-3,reference,21,116,/consciousness/research/paper-3/references#bib-Singh2004PSR,
paper-3,reference,22,15,/consciousness/research/paper-3/references#bib-Tappler2019,
paper-4,display-equation,"1, 2, 3, 4",52,/consciousness/research/paper-4/inherited-benchmark-and-conditional-assignment#source-display-equation-1,b31dbd3ef69eb41933a53e51d0a159414fc05f9ba848a4892be3a3313336d0ed
paper-4,display-equation,5,67,/consciousness/research/paper-4/inherited-benchmark-and-conditional-assignment#source-display-equation-2,a72380b7a989e29d61d2ff5ba1c203f842ca630fed6e0158eabd20cd5c824553
paper-4,display-equation,6,74,/consciousness/research/paper-4/identification-from-an-unlabeled-response-family#source-display-equation-3,acb62538c4a242e153ad09112d29191f1641066a9634ea2fc9e675db0e933f0c
paper-4,display-equation,7,82,/consciousness/research/paper-4/identification-from-an-unlabeled-response-family#source-display-equation-4,cd016a7645a21935c864728f526ad06c8be6ab695a9061996794f971406c019b
paper-4,display-equation,8,89,/consciousness/research/paper-4/identification-from-an-unlabeled-response-family#source-display-equation-5,c0fc73361762e464f5da728dcbe2d4341a02254a56d641474840659f9206854b
paper-4,theorem,1,86,/consciousness/research/paper-4/identification-from-an-unlabeled-response-family#source-theorem-1,203e24c6f3c70de7bae8833b69c6cc03fa210ff91e124e0ba8ae433c3a76b2f7
paper-4,display-equation,9,96,/consciousness/research/paper-4/identification-from-an-unlabeled-response-family#source-display-equation-6,752fae70c7c3b08ac21e6993dd779410f539c814af65904e78e5f7c2868a9d87
paper-4,display-equation,10,104,/consciousness/research/paper-4/identification-from-an-unlabeled-response-family#source-display-equation-7,15a7892beda317a9f5d65c217632da7fa29e7ba90f293d88b74ab1460a910e55
paper-4,proof,,94,/consciousness/research/paper-4/identification-from-an-unlabeled-response-family#source-proof-1,1ff8a785b611cfb7c78c0cdea586a4758155a3ffd98f0fb58e9ee40d815b2c4f
paper-4,display-equation,11,119,/consciousness/research/paper-4/identification-from-an-unlabeled-response-family#source-display-equation-8,59903a26ceb2f0e07cd869becc99e51151aafef517304bfa7390484c225889af
paper-4,display-equation,12,123,/consciousness/research/paper-4/identification-from-an-unlabeled-response-family#source-display-equation-9,e0160efe574b7c9761d0596b78e0d10c83bc4c0d104f35e7f0beba161ac22b2d
paper-4,theorem,2,116,/consciousness/research/paper-4/identification-from-an-unlabeled-response-family#source-theorem-2,0b7f302a5d28ece8985a7924a627d2efc736c611d5d9e876dccbf5fe566ad658
paper-4,display-equation,13,129,/consciousness/research/paper-4/identification-from-an-unlabeled-response-family#source-display-equation-10,a3923e73453350e4c4552e140bfc3f555abef3c52b80fd29e30ca8817237af28
paper-4,proof,,127,/consciousness/research/paper-4/identification-from-an-unlabeled-response-family#source-proof-2,1c24276780151668d3b7df2909fc83420b05fc3ac11236deb7b7a70097b3c750
paper-4,display-equation,14,141,/consciousness/research/paper-4/identification-from-an-unlabeled-response-family#source-display-equation-11,09eb91bed796f73c7e5d77829201c95bf41fc9d33815c7a7f4717088acc0e21a
paper-4,display-equation,15,149,/consciousness/research/paper-4/a-constructive-diagnostic-for-the-frozen-implementations#source-display-equation-12,b9f4d04c041b99b2dfd9ca973aa1e19b2415df6b203d7b0a3d59d00db81cc3f4
paper-4,display-equation,16,157,/consciousness/research/paper-4/a-constructive-diagnostic-for-the-frozen-implementations#source-display-equation-13,0802647f2f6058c09d3332c5d7b7db32e0bca151696cfa71ca9550b38d7e6d74
paper-4,display-equation,17,166,/consciousness/research/paper-4/a-constructive-diagnostic-for-the-frozen-implementations#source-display-equation-14,d6f9d90cfa905f27e1c82a75089561e4c7c6e4d24419c6cbf3d7add5d8e6f766
paper-4,tabular,,174,/consciousness/research/paper-4/a-constructive-diagnostic-for-the-frozen-implementations#source-tabular-1,1545c9f72c4a2d04477c116b5d00e25571d4a02007fb7e90a9e021a6e10a67db
paper-4,corollary,3,183,/consciousness/research/paper-4/a-constructive-diagnostic-for-the-frozen-implementations#source-corollary-1,0514df5bf539b98bca942000b6b2e73685d1e86506a534d3d2881ce25dab03eb
paper-4,proof,,186,/consciousness/research/paper-4/a-constructive-diagnostic-for-the-frozen-implementations#source-proof-3,171a4b50e063158206c779a5081c2221157a6a973ad18f33ef31dec45915226a
paper-4,display-equation,18,193,/consciousness/research/paper-4/a-constructive-diagnostic-for-the-frozen-implementations#source-display-equation-15,6af0e6f3edf1ea159720b9df0d3509bad751e7db14730f3b372b1e100aa41f33
paper-4,display-equation,19,197,/consciousness/research/paper-4/a-constructive-diagnostic-for-the-frozen-implementations#source-display-equation-16,669763190df02acc186d811aad08dcc7ca7ba55a4d3a159edb852f374b0833d9
paper-4,display-equation,20,210,/consciousness/research/paper-4/which-stochastic-continuations-remain-common#source-display-equation-17,a445ee316ebe6771e6dab8cd9ccb0c92e2d2345d14a6ef13f23b661aaecc565e
paper-4,corollary,4,214,/consciousness/research/paper-4/which-stochastic-continuations-remain-common#source-corollary-2,bceee45b9444dd6d526cea79ab72ef0803ffb5592ec48c81d2d9290902cb66c5
paper-4,proof,,218,/consciousness/research/paper-4/which-stochastic-continuations-remain-common#source-proof-4,93e44fbe48c035fdbec43f352a15b05f3c140970810979cf7a9c7fe6e12b517c
paper-4,theorem,5,224,/consciousness/research/paper-4/which-stochastic-continuations-remain-common#source-theorem-3,bdc41e786b9271e3ef9a4e8e9ad8b10bafdcc136f2b2c416e49be1af952c2dd6
paper-4,proof,,233,/consciousness/research/paper-4/which-stochastic-continuations-remain-common#source-proof-5,7520c7d27ec9029b2f629ccc638a3b0b7cfcc9510c2fe5cc4b95b218b2032096
paper-4,corollary,6,238,/consciousness/research/paper-4/which-stochastic-continuations-remain-common#source-corollary-3,c06f02b59fe197791a76347ec588a29b690f795c03c45148550d3f493144b033
paper-4,proof,,242,/consciousness/research/paper-4/which-stochastic-continuations-remain-common#source-proof-6,d53e559f530f02382be7f2f0975342922be9c2e573c1de372ded1054bbe51645
paper-4,display-equation,21,247,/consciousness/research/paper-4/which-stochastic-continuations-remain-common#source-display-equation-18,b6ce441e1d7528cd023bf6b837d343f7810cba6883e61f045b4fc8bdd9a9af98
paper-4,display-equation,22,251,/consciousness/research/paper-4/which-stochastic-continuations-remain-common#source-display-equation-19,379e2314b034b59ba4c7e64d63193efb8ec9cb7fb2e5af4e4f8a62d409f1fd41
paper-4,display-equation,23,255,/consciousness/research/paper-4/which-stochastic-continuations-remain-common#source-display-equation-20,93cb25a2560a032a86f88446b2892565779a91b98dc26d4f211e9f34dc1e5f71
paper-4,corollary,7,259,/consciousness/research/paper-4/which-stochastic-continuations-remain-common#source-corollary-4,24be7d1f34481bdefe5ed3c8a703fad3bcbda12d89e83e2c6ff95df80ef079b9
paper-4,proof,,263,/consciousness/research/paper-4/which-stochastic-continuations-remain-common#source-proof-7,390e45830eed88fbd804ca47e7868be27db1d0ceab6fc5fe134e2b401fa7b56c
paper-4,tabular,,290,/consciousness/research/paper-4/executed-official-intrinsic-grain-comparison#source-tabular-2,a5ee342188b7c3f9da89fb6212bbb05a6b647626f63f194b96432413c1b0304e
paper-4,tabularx,,324,/consciousness/research/paper-4/novelty-limitations-and-verification-status#source-tabularx-1,8f362f4fc92c20d5431b9b3cbc49c3d3b94c84d8174f931d1a11df16454cb1dc
paper-4,reference,1,367,/consciousness/research/paper-4/references#bib-mono,
paper-4,reference,2,368,/consciousness/research/paper-4/references#bib-p2,
paper-4,reference,3,369,/consciousness/research/paper-4/references#bib-p3,
paper-4,reference,4,370,/consciousness/research/paper-4/references#bib-frd1,
paper-4,reference,5,371,/consciousness/research/paper-4/references#bib-frd2,
paper-4,reference,6,372,/consciousness/research/paper-4/references#bib-cci,
paper-4,reference,7,373,/consciousness/research/paper-4/references#bib-hyvarinen,
paper-4,reference,8,374,/consciousness/research/paper-4/references#bib-khemakhem,
paper-4,reference,9,375,/consciousness/research/paper-4/references#bib-yeredor,
paper-4,reference,10,376,/consciousness/research/paper-4/references#bib-painsky,
paper-4,reference,11,377,/consciousness/research/paper-4/references#bib-rubenstein,
paper-4,reference,12,379,/consciousness/research/paper-4/references#bib-beckers,
paper-4,reference,13,380,/consciousness/research/paper-4/references#bib-hoeffding,
paper-4,reference,14,381,/consciousness/research/paper-4/references#bib-iit2023,
paper-4,reference,15,382,/consciousness/research/paper-4/references#bib-intrinsic,
paper-4,reference,16,383,/consciousness/research/paper-4/references#bib-mayner,
paper-4,reference,17,384,/consciousness/research/paper-4/references#bib-pyphi,
paper-4,reference,18,385,/consciousness/research/paper-4/references#bib-conditional,
paper-4,reference,19,386,/consciousness/research/paper-4/references#bib-grainhelp,
paper-4,reference,20,387,/consciousness/research/paper-4/references#bib-support,
